,route_id,max_route_headway,max_route_weekday_headway
3,4,10,10
11,12,30,30
15,16,30,30
8,9,40,40
6,7,60,60
7,8,60,60
9,10,60,60
2,3,120,120
4,5,120,120
13,14,120,120
14,15,120,120
0,1,121,121
1,2,121,121
5,6,121,121
10,11,121,121
12,13,121,121
